Stanley, David (LCH) david.stanley@lch.com
Goh, Cameron (LCH) Cameron.Goh@lch.com
Ondyak, Nathan (LCH) <Nathan.Ondyak@lch.com>
Hopper, Simon (LCH) <Simon.Hopper@lch.com>
Singh, Rickinder (LCH) Rickinder.Singh@lch.com
Jugoo, Al (LCH) <Al.Jugoo@lchclearnet.com>

Jurcaga, Peter (LCH) peter.jurcaga@lch.com
Thakkar, Vinit (LCH) Vinit.Thakkar@lch.com
Yap, Wei (LCH) Wei.Yap@lch.com
MacEachern, Ronald (LCH) Ronald.MacEachern@lch.com
Mazzoni, Michele (LCH) <Michele.Mazzoni@lch.com>

Carruthers, G. A. g.a.carruthers@accenture.com
El-Amrani, Mehdi (LCH) Mehdi.El-Amrani@lch.com

Mayor, Aaron (LCH) Aaron.Mayor@lch.com
 Ramachandran, Baskar (LCH) Baskar.Ramachandran@lch.com
 Hann, Marc (LCH) Marc.Hann@lch.com

Brackenboro, Simon (LCH) <Simon.Brackenboro@lch.com>; 
Pearson, Christopher (LCH) <Christopher.Pearson@lch.com>; 
Blum, Jonathan (LCH) <Jonathan.Blum@lch.com>; 
Ippili, Sudheer (LCH) Sudheer.Ippili@lch.com

Papaioannou, Denis (LCH) Denis.Papaioannou@lch.com

POKER

vardhaman.kumbhat@gmail.com
Ileiwat, Ayman (LCH) Ayman.Ileiwat@lch.com
Cohen, Jonathan (LCH Jonathan.Cohen@lch.com
Glackin, Adrian (LCH) Adrian.Glackin@lch.com
Karatas, Davut (LCH) Davut.Karatas@lch.com
Hribek, Petr (LCH) Petr.Hribek@lch.com
Somekh, Jonathan (LCH) Jonathan.Somekh@lch.com
Andrea La Rosa <larosa.andre@gmail.com>
 i.arahou@gmail.com
k.f.krishnamurthy@accenture.com	
'Watson, Simon X.' simon.x.watson@accenture.com
mikewilkinson80@hotmail.com
'Sanjiv Bandlish' <sanjivbandlish@gmail.com>
 Arora, Anupreet (LCH) Anupreet.Arora@lch.com
 Pipalia, Gaurang (LCH) <Gaurang.Pipalia@lch.com>
Joseph Do Joseph.Do@mindlinksoft.com



